case_id,T_K,P_atm,phi,status,cj_speed_m_s,t_end_s,n_profile_points,x_max_m,profile_file,runtime_s,error_message
1,300.0,0.1,1.0,cached,1920.62258153982,5e-05,571,0.03540588082277351,znd_tp_profiles/znd_T0300.00_P00.10.npz,0.0,
2,300.0,0.2,1.0,cached,1937.9976387438476,5e-05,623,0.043074567542248886,znd_tp_profiles/znd_T0300.00_P00.20.npz,0.0,
3,300.0,0.3,1.0,cached,1947.819051656995,5e-05,643,0.04609473872205614,znd_tp_profiles/znd_T0300.00_P00.30.npz,0.0,
4,300.0,0.4,1.0,cached,1954.6163834610904,5e-05,657,0.04750017985654472,znd_tp_profiles/znd_T0300.00_P00.40.npz,0.0,
5,300.0,0.5,1.0,cached,1959.7839025110939,5e-05,666,0.04828920802495649,znd_tp_profiles/znd_T0300.00_P00.50.npz,0.0,
6,300.0,0.6,1.0,cached,1963.9346480027305,5e-05,673,0.048796692749781274,znd_tp_profiles/znd_T0300.00_P00.60.npz,0.0,
7,300.0,0.7,1.0,cached,1967.3920978770213,5e-05,679,0.049153837633721935,znd_tp_profiles/znd_T0300.00_P00.70.npz,0.0,
8,300.0,0.8,1.0,cached,1970.3474046713634,5e-05,684,0.04942133414380093,znd_tp_profiles/znd_T0300.00_P00.80.npz,0.0,
9,300.0,0.9,1.0,cached,1972.9229348984773,5e-05,704,0.04963094966346953,znd_tp_profiles/znd_T0300.00_P00.90.npz,0.0,
10,300.0,1.0,1.0,cached,1975.2015032109978,5e-05,775,0.04980090937984013,znd_tp_profiles/znd_T0300.00_P01.00.npz,0.0,
11,300.0,1.1,1.0,cached,1977.241781105265,5e-05,746,0.04994240349824656,znd_tp_profiles/znd_T0300.00_P01.10.npz,0.0,
12,300.0,1.2,1.0,cached,1979.0867609578754,5e-05,834,0.05006267668991035,znd_tp_profiles/znd_T0300.00_P01.20.npz,0.0,
13,300.0,1.3,1.0,cached,1980.7689368159631,5e-05,775,0.05016666243009852,znd_tp_profiles/znd_T0300.00_P01.30.npz,0.0,
14,300.0,1.4,1.0,cached,1982.313385481907,5e-05,787,0.05025781686106537,znd_tp_profiles/znd_T0300.00_P01.40.npz,0.0,
15,300.0,1.5,1.0,cached,1983.739879724588,5e-05,779,0.05033865196048619,znd_tp_profiles/znd_T0300.00_P01.50.npz,0.0,
16,300.0,1.6,1.0,cached,1985.064290109255,5e-05,776,0.05041102212681808,znd_tp_profiles/znd_T0300.00_P01.60.npz,0.0,
17,300.0,1.7,1.0,cached,1986.2994891166074,5e-05,811,0.050476365224182536,znd_tp_profiles/znd_T0300.00_P01.70.npz,0.0,
18,300.0,1.8,1.0,cached,1987.4561389271514,5e-05,757,0.050535756592635026,znd_tp_profiles/znd_T0300.00_P01.80.npz,0.0,
19,300.0,1.9,1.0,cached,1988.5431043106823,5e-05,796,0.0505900665463285,znd_tp_profiles/znd_T0300.00_P01.90.npz,0.0,
20,300.0,2.0,1.0,cached,1989.5678613188618,5e-05,794,0.050639978150640946,znd_tp_profiles/znd_T0300.00_P02.00.npz,0.0,
21,300.0,2.1,1.0,cached,1990.5367290478682,5e-05,805,0.05068607843960703,znd_tp_profiles/znd_T0300.00_P02.10.npz,0.0,
22,300.0,2.2,1.0,cached,1991.4551739244014,5e-05,750,0.050728807572873444,znd_tp_profiles/znd_T0300.00_P02.20.npz,0.0,
23,300.0,2.3,1.0,cached,1992.3278793876616,5e-05,848,0.05076855544386161,znd_tp_profiles/znd_T0300.00_P02.30.npz,0.0,
24,300.0,2.4,1.0,cached,1993.158929916039,5e-05,923,0.050805628710858634,znd_tp_profiles/znd_T0300.00_P02.40.npz,0.0,
25,300.0,2.5,1.0,cached,1993.9518834469877,5e-05,761,0.05084030839187392,znd_tp_profiles/znd_T0300.00_P02.50.npz,0.0,
26,300.0,2.6,1.0,cached,1994.7098779219255,5e-05,838,0.05087282152956999,znd_tp_profiles/znd_T0300.00_P02.60.npz,0.0,
27,300.0,2.7,1.0,cached,1995.4356800521214,5e-05,871,0.05090337653133853,znd_tp_profiles/znd_T0300.00_P02.70.npz,0.0,
28,300.0,2.8,1.0,cached,1996.1317436505992,5e-05,852,0.050932136313713565,znd_tp_profiles/znd_T0300.00_P02.80.npz,0.0,
29,300.0,2.9,1.0,cached,1996.8002909209308,5e-05,884,0.05095926088739662,znd_tp_profiles/znd_T0300.00_P02.90.npz,0.0,
30,300.0,3.0,1.0,cached,1997.4432328235062,5e-05,813,0.05098489890644366,znd_tp_profiles/znd_T0300.00_P03.00.npz,0.0,
31,300.0,3.1,1.0,cached,1998.0623601191162,5e-05,1025,0.0510091526540277,znd_tp_profiles/znd_T0300.00_P03.10.npz,0.0,
32,300.0,3.2,1.0,cached,1998.659285031,5e-05,785,0.051032154928660624,znd_tp_profiles/znd_T0300.00_P03.20.npz,0.0,
33,300.0,3.3,1.0,cached,1999.2354136659644,5e-05,895,0.05105401325390776,znd_tp_profiles/znd_T0300.00_P03.30.npz,0.0,
34,300.0,3.4,1.0,cached,1999.7920699379788,5e-05,751,0.051074819370873145,znd_tp_profiles/znd_T0300.00_P03.40.npz,0.0,
35,300.0,3.5,1.0,cached,2000.3304453502506,5e-05,947,0.051094662410122664,znd_tp_profiles/znd_T0300.00_P03.50.npz,0.0,
36,300.0,3.6,1.0,cached,2000.8516094102297,5e-05,889,0.05111363849184809,znd_tp_profiles/znd_T0300.00_P03.60.npz,0.0,
37,300.0,3.7,1.0,cached,2001.3565552503726,5e-05,892,0.05113181649509588,znd_tp_profiles/znd_T0300.00_P03.70.npz,0.0,
38,300.0,3.8,1.0,cached,2001.846215261547,5e-05,946,0.051149278406610404,znd_tp_profiles/znd_T0300.00_P03.80.npz,0.0,
39,300.0,3.9,1.0,cached,2002.3214169581768,5e-05,1039,0.051166086720983245,znd_tp_profiles/znd_T0300.00_P03.90.npz,0.0,
40,300.0,4.0,1.0,cached,2002.7829343266942,5e-05,857,0.05118230974113774,znd_tp_profiles/znd_T0300.00_P04.00.npz,0.0,
41,300.0,4.1,1.0,cached,2003.2314604773155,5e-05,830,0.05119802174611346,znd_tp_profiles/znd_T0300.00_P04.10.npz,0.0,
42,300.0,4.2,1.0,cached,2003.6677139169399,5e-05,763,0.05121322941787312,znd_tp_profiles/znd_T0300.00_P04.20.npz,0.0,
43,300.0,4.3,1.0,cached,2004.0922287955793,5e-05,776,0.05122801177576833,znd_tp_profiles/znd_T0300.00_P04.30.npz,0.0,
44,300.0,4.4,1.0,cached,2004.5056547168613,5e-05,841,0.05124239473729523,znd_tp_profiles/znd_T0300.00_P04.40.npz,0.0,
45,300.0,4.5,1.0,cached,2004.9084359214305,5e-05,800,0.051256435127680355,znd_tp_profiles/znd_T0300.00_P04.50.npz,0.0,
46,300.0,4.6,1.0,cached,2005.3011634065706,5e-05,837,0.05127012389667785,znd_tp_profiles/znd_T0300.00_P04.60.npz,0.0,
47,300.0,4.7,1.0,cached,2005.6841763071861,5e-05,792,0.05128353135129687,znd_tp_profiles/znd_T0300.00_P04.70.npz,0.0,
48,300.0,4.8,1.0,cached,2006.0580382031044,5e-05,872,0.05129664008980364,znd_tp_profiles/znd_T0300.00_P04.80.npz,0.0,
49,300.0,4.9,1.0,cached,2006.4230398489308,5e-05,940,0.0513094979904663,znd_tp_profiles/znd_T0300.00_P04.90.npz,0.0,
50,300.0,5.0,1.0,cached,2006.7796128805885,5e-05,770,0.051322113794513124,znd_tp_profiles/znd_T0300.00_P05.00.npz,0.0,
51,400.0,0.1,1.0,cached,1904.2699958091657,5e-05,552,0.03307966303355574,znd_tp_profiles/znd_T0400.00_P00.10.npz,0.0,
52,400.0,0.2,1.0,cached,1922.8237624725189,5e-05,610,0.041177504460724414,znd_tp_profiles/znd_T0400.00_P00.20.npz,0.0,
53,400.0,0.3,1.0,cached,1933.3750931803772,5e-05,632,0.044941456731174556,znd_tp_profiles/znd_T0400.00_P00.30.npz,0.0,
54,400.0,0.4,1.0,cached,1940.7076380461472,5e-05,645,0.046818350186397004,znd_tp_profiles/znd_T0400.00_P00.40.npz,0.0,
55,400.0,0.5,1.0,cached,1946.2996918200786,5e-05,656,0.04787014427712152,znd_tp_profiles/znd_T0400.00_P00.50.npz,0.0,
56,400.0,0.6,1.0,cached,1950.8030890893017,5e-05,662,0.04853397095125869,znd_tp_profiles/znd_T0400.00_P00.60.npz,0.0,
57,400.0,0.7,1.0,cached,1954.5625407679731,5e-05,668,0.04899255312308273,znd_tp_profiles/znd_T0400.00_P00.70.npz,0.0,
58,400.0,0.8,1.0,cached,1957.7822192386304,5e-05,676,0.04933051431734514,znd_tp_profiles/znd_T0400.00_P00.80.npz,0.0,
59,400.0,0.9,1.0,cached,1960.5929160566898,5e-05,679,0.04959170976125225,znd_tp_profiles/znd_T0400.00_P00.90.npz,0.0,
60,400.0,1.0,1.0,cached,1963.0832704220459,5e-05,681,0.049801014742882954,znd_tp_profiles/znd_T0400.00_P01.00.npz,0.0,
61,400.0,1.1,1.0,cached,1965.3164567397678,5e-05,697,0.04997351578938052,znd_tp_profiles/znd_T0400.00_P01.10.npz,0.0,
62,400.0,1.2,1.0,cached,1967.3384210296163,5e-05,726,0.05011895432097255,znd_tp_profiles/znd_T0400.00_P01.20.npz,0.0,
63,400.0,1.3,1.0,cached,1969.1840339744472,5e-05,765,0.05024385944209076,znd_tp_profiles/znd_T0400.00_P01.30.npz,0.0,
64,400.0,1.4,1.0,cached,1970.8806017712295,5e-05,756,0.050352721233843115,znd_tp_profiles/znd_T0400.00_P01.40.npz,0.0,
65,400.0,1.5,1.0,cached,1972.4491271384495,5e-05,804,0.05044884247059889,znd_tp_profiles/znd_T0400.00_P01.50.npz,0.0,
66,400.0,1.6,1.0,cached,1973.906798037558,5e-05,778,0.050534635499666296,znd_tp_profiles/znd_T0400.00_P01.60.npz,0.0,
67,400.0,1.7,1.0,cached,1975.267548235265,5e-05,778,0.05061189239639833,znd_tp_profiles/znd_T0400.00_P01.70.npz,0.0,
68,400.0,1.8,1.0,cached,1976.542856457657,5e-05,819,0.05068203773390607,znd_tp_profiles/znd_T0400.00_P01.80.npz,0.0,
69,400.0,1.9,1.0,cached,1977.742313002977,5e-05,797,0.0507461553832466,znd_tp_profiles/znd_T0400.00_P01.90.npz,0.0,
70,400.0,2.0,1.0,cached,1978.8739940986848,5e-05,767,0.050805131618163725,znd_tp_profiles/znd_T0400.00_P02.00.npz,0.0,
71,400.0,2.1,1.0,cached,1979.9446464611092,5e-05,726,0.05085967799529682,znd_tp_profiles/znd_T0400.00_P02.10.npz,0.0,
72,400.0,2.2,1.0,cached,1980.9605351157352,5e-05,791,0.050910303955675196,znd_tp_profiles/znd_T0400.00_P02.20.npz,0.0,
73,400.0,2.3,1.0,cached,1981.9262432945043,5e-05,773,0.05095758164302913,znd_tp_profiles/znd_T0400.00_P02.30.npz,0.0,
74,400.0,2.4,1.0,cached,1982.8467068109153,5e-05,865,0.0510018022893352,znd_tp_profiles/znd_T0400.00_P02.40.npz,0.0,
75,400.0,2.5,1.0,cached,1983.7254072122512,5e-05,805,0.051043369119221214,znd_tp_profiles/znd_T0400.00_P02.50.npz,0.0,
76,400.0,2.6,1.0,cached,1984.565885149568,5e-05,769,0.05108255294331034,znd_tp_profiles/znd_T0400.00_P02.60.npz,0.0,
77,400.0,2.7,1.0,cached,1985.3711140528092,5e-05,792,0.05111958824480706,znd_tp_profiles/znd_T0400.00_P02.70.npz,0.0,
78,400.0,2.8,1.0,cached,1986.1438057388707,5e-05,773,0.051154675125239434,znd_tp_profiles/znd_T0400.00_P02.80.npz,0.0,
79,400.0,2.9,1.0,cached,1986.886327259023,5e-05,825,0.05118800128550154,znd_tp_profiles/znd_T0400.00_P02.90.npz,0.0,
80,400.0,3.0,1.0,cached,1987.6008187463617,5e-05,796,0.05121972551019216,znd_tp_profiles/znd_T0400.00_P03.00.npz,0.0,
81,400.0,3.1,1.0,cached,1988.2891963511654,5e-05,783,0.05124997029863867,znd_tp_profiles/znd_T0400.00_P03.10.npz,0.0,
82,400.0,3.2,1.0,cached,1988.9531924598434,5e-05,799,0.05127886950247487,znd_tp_profiles/znd_T0400.00_P03.20.npz,0.0,
83,400.0,3.3,1.0,cached,1989.5943873248207,5e-05,771,0.05130653467216611,znd_tp_profiles/znd_T0400.00_P03.30.npz,0.0,
84,400.0,3.4,1.0,cached,1990.2141718406708,5e-05,798,0.051333044442694466,znd_tp_profiles/znd_T0400.00_P03.40.npz,0.0,
85,400.0,3.5,1.0,cached,1990.8138780009842,5e-05,1051,0.05135847717040173,znd_tp_profiles/znd_T0400.00_P03.50.npz,0.0,
86,400.0,3.6,1.0,cached,1991.3946763843494,5e-05,803,0.05138293233622284,znd_tp_profiles/znd_T0400.00_P03.60.npz,0.0,
87,400.0,3.7,1.0,cached,1991.9576571657676,5e-05,1301,0.05140646574378503,znd_tp_profiles/znd_T0400.00_P03.70.npz,0.0,
88,400.0,3.8,1.0,cached,1992.5038103760512,5e-05,768,0.05142912889019524,znd_tp_profiles/znd_T0400.00_P03.80.npz,0.0,
89,400.0,3.9,1.0,timeout,,,0,,znd_tp_profiles/znd_T0400.00_P03.90.npz,40.06770254205912,Timed out after 20.0 s (attempt 2/2).
90,400.0,4.0,1.0,cached,1993.5464553581862,5e-05,825,0.05147267445245799,znd_tp_profiles/znd_T0400.00_P04.00.npz,0.0,
91,400.0,4.1,1.0,cached,1994.0473200753222,5e-05,733,0.05149307846307123,znd_tp_profiles/znd_T0400.00_P04.10.npz,0.0,
92,400.0,4.2,1.0,cached,1994.5346213327473,5e-05,856,0.051512819520337524,znd_tp_profiles/znd_T0400.00_P04.20.npz,0.0,
93,400.0,4.3,1.0,cached,1995.0088686914505,5e-05,771,0.05153196330567114,znd_tp_profiles/znd_T0400.00_P04.30.npz,0.0,
94,400.0,4.4,1.0,cached,1995.4711633613051,5e-05,742,0.051550447652413886,znd_tp_profiles/znd_T0400.00_P04.40.npz,0.0,
95,400.0,4.5,1.0,cached,1995.9216135833935,5e-05,782,0.05156839936481579,znd_tp_profiles/znd_T0400.00_P04.50.npz,0.0,
96,400.0,4.6,1.0,cached,1996.3607485397633,5e-05,836,0.05158584979870349,znd_tp_profiles/znd_T0400.00_P04.60.npz,0.0,
97,400.0,4.7,1.0,cached,1996.7895647305036,5e-05,965,0.05160273312815993,znd_tp_profiles/znd_T0400.00_P04.70.npz,0.0,
98,400.0,4.8,1.0,cached,1997.2080371444827,5e-05,877,0.05161917052408364,znd_tp_profiles/znd_T0400.00_P04.80.npz,0.0,
99,400.0,4.9,1.0,cached,1997.6167728759642,5e-05,773,0.05163515070744332,znd_tp_profiles/znd_T0400.00_P04.90.npz,0.0,
100,400.0,5.0,1.0,cached,1998.016201507183,5e-05,825,0.05165069288358775,znd_tp_profiles/znd_T0400.00_P05.00.npz,0.0,
101,500.0,0.1,1.0,cached,1888.513345411427,5e-05,545,0.031535322446794314,znd_tp_profiles/znd_T0500.00_P00.10.npz,0.0,
102,500.0,0.2,1.0,cached,1908.1566515267607,5e-05,599,0.03960567426197725,znd_tp_profiles/znd_T0500.00_P00.20.npz,0.0,
103,500.0,0.3,1.0,cached,1919.3811454390345,5e-05,623,0.04384706435899272,znd_tp_profiles/znd_T0500.00_P00.30.npz,0.0,
104,500.0,0.4,1.0,cached,1927.206619052861,5e-05,637,0.04613798491792537,znd_tp_profiles/znd_T0500.00_P00.40.npz,0.0,
105,500.0,0.5,1.0,cached,1933.1901033122786,5e-05,646,0.04745326885528079,znd_tp_profiles/znd_T0500.00_P00.50.npz,0.0,
106,500.0,0.6,1.0,cached,1938.0185051171122,5e-05,653,0.048278958531066035,znd_tp_profiles/znd_T0500.00_P00.60.npz,0.0,
107,500.0,0.7,1.0,cached,1942.0564036871492,5e-05,658,0.04884222308153617,znd_tp_profiles/znd_T0500.00_P00.70.npz,0.0,
108,500.0,0.8,1.0,cached,1945.519597981653,5e-05,664,0.049252208661026135,znd_tp_profiles/znd_T0500.00_P00.80.npz,0.0,
109,500.0,0.9,1.0,cached,1948.547608601532,5e-05,667,0.049565410965453346,znd_tp_profiles/znd_T0500.00_P00.90.npz,0.0,
110,500.0,1.0,1.0,cached,1951.2336777464366,5e-05,671,0.04981390627064673,znd_tp_profiles/znd_T0500.00_P01.00.npz,0.0,
111,500.0,1.1,1.0,cached,1953.6448926348924,5e-05,675,0.05001688696524051,znd_tp_profiles/znd_T0500.00_P01.10.npz,0.0,
112,500.0,1.2,1.0,cached,1955.830411420811,5e-05,686,0.05018665408748135,znd_tp_profiles/znd_T0500.00_P01.20.npz,0.0,
113,500.0,1.3,1.0,cached,1957.827350456027,5e-05,697,0.05033139862119513,znd_tp_profiles/znd_T0500.00_P01.30.npz,0.0,
114,500.0,1.4,1.0,cached,1959.664483344518,5e-05,699,0.05045677763001116,znd_tp_profiles/znd_T0500.00_P01.40.npz,0.0,
115,500.0,1.5,1.0,cached,1961.364107900171,5e-05,740,0.05056691826327215,znd_tp_profiles/znd_T0500.00_P01.50.npz,0.0,
116,500.0,1.6,1.0,cached,1962.9452027791792,5e-05,753,0.05066467927774226,znd_tp_profiles/znd_T0500.00_P01.60.npz,0.0,
117,500.0,1.7,1.0,cached,1964.4226444869912,5e-05,737,0.05075225495290845,znd_tp_profiles/znd_T0500.00_P01.70.npz,0.0,
118,500.0,1.8,1.0,cached,1965.8079373671403,5e-05,779,0.05083152560103287,znd_tp_profiles/znd_T0500.00_P01.80.npz,0.0,
119,500.0,1.9,1.0,cached,1967.1117234300389,5e-05,768,0.05090372914105532,znd_tp_profiles/znd_T0500.00_P01.90.npz,0.0,
120,500.0,2.0,1.0,cached,1968.3426288884914,5e-05,762,0.0509699250887203,znd_tp_profiles/znd_T0500.00_P02.00.npz,0.0,
121,500.0,2.1,1.0,cached,1969.5080018330716,5e-05,772,0.051030956520083305,znd_tp_profiles/znd_T0500.00_P02.10.npz,0.0,
122,500.0,2.2,1.0,cached,1970.6111428848799,5e-05,733,0.0510881209272499,znd_tp_profiles/znd_T0500.00_P02.20.npz,0.0,
123,500.0,2.3,1.0,cached,1971.6634028755268,5e-05,759,0.051140789574776996,znd_tp_profiles/znd_T0500.00_P02.30.npz,0.0,
124,500.0,2.4,1.0,cached,1972.6666307689377,5e-05,721,0.05119002178488603,znd_tp_profiles/znd_T0500.00_P02.40.npz,0.0,
125,500.0,2.5,1.0,cached,1973.6249822254053,5e-05,791,0.05123620430434814,znd_tp_profiles/znd_T0500.00_P02.50.npz,0.0,
126,500.0,2.6,1.0,cached,1974.542067196525,5e-05,764,0.0512796696160961,znd_tp_profiles/znd_T0500.00_P02.60.npz,0.0,
127,500.0,2.7,1.0,cached,1975.4211649996585,5e-05,757,0.05132069291767925,znd_tp_profiles/znd_T0500.00_P02.70.npz,0.0,
128,500.0,2.8,1.0,cached,1976.2650964484312,5e-05,723,0.05135953172803381,znd_tp_profiles/znd_T0500.00_P02.80.npz,0.0,
129,500.0,2.9,1.0,cached,1977.0764544831472,5e-05,769,0.05139638130522856,znd_tp_profiles/znd_T0500.00_P02.90.npz,0.0,
130,500.0,3.0,1.0,cached,1977.8575373767449,5e-05,841,0.05143142511422142,znd_tp_profiles/znd_T0500.00_P03.00.npz,0.0,
131,500.0,3.1,1.0,cached,1978.6099546029345,5e-05,770,0.05146491372405992,znd_tp_profiles/znd_T0500.00_P03.10.npz,0.0,
132,500.0,3.2,1.0,cached,1979.3368532366585,5e-05,826,0.05149672500284037,znd_tp_profiles/znd_T0500.00_P03.20.npz,0.0,
133,500.0,3.3,1.0,cached,1980.0386371872905,5e-05,871,0.05152724256749342,znd_tp_profiles/znd_T0500.00_P03.30.npz,0.0,
134,500.0,3.4,1.0,cached,1980.717286974302,5e-05,847,0.05155648358072963,znd_tp_profiles/znd_T0500.00_P03.40.npz,0.0,
135,500.0,3.5,1.0,cached,1981.3741864214494,5e-05,781,0.0515845472887294,znd_tp_profiles/znd_T0500.00_P03.50.npz,0.0,
136,500.0,3.6,1.0,cached,1982.0106274831282,5e-05,849,0.05161151367388925,znd_tp_profiles/znd_T0500.00_P03.60.npz,0.0,
137,500.0,3.7,1.0,cached,1982.6277280481304,5e-05,736,0.05163747904701845,znd_tp_profiles/znd_T0500.00_P03.70.npz,0.0,
138,500.0,3.8,1.0,cached,1983.2266159103153,5e-05,875,0.05166248682083026,znd_tp_profiles/znd_T0500.00_P03.80.npz,0.0,
139,500.0,3.9,1.0,cached,1983.8082516576974,5e-05,836,0.05168662607606765,znd_tp_profiles/znd_T0500.00_P03.90.npz,0.0,
140,500.0,4.0,1.0,cached,1984.3735501436847,5e-05,813,0.05170993491209827,znd_tp_profiles/znd_T0500.00_P04.00.npz,0.0,
141,500.0,4.1,1.0,cached,1984.9233541536944,5e-05,780,0.051732467118426405,znd_tp_profiles/znd_T0500.00_P04.10.npz,0.0,
142,500.0,4.2,1.0,cached,1985.458003317625,5e-05,743,0.05175436738458328,znd_tp_profiles/znd_T0500.00_P04.20.npz,0.0,
143,500.0,4.3,1.0,cached,1985.9795307409406,5e-05,730,0.05177540200665043,znd_tp_profiles/znd_T0500.00_P04.30.npz,0.0,
144,500.0,4.4,1.0,cached,1986.487291623055,5e-05,816,0.051795887951009804,znd_tp_profiles/znd_T0500.00_P04.40.npz,0.0,
145,500.0,4.5,1.0,cached,1986.9823583280977,5e-05,776,0.051815768690115914,znd_tp_profiles/znd_T0500.00_P04.50.npz,0.0,
146,500.0,4.6,1.0,cached,1987.4653147679614,5e-05,857,0.051835068798346484,znd_tp_profiles/znd_T0500.00_P04.60.npz,0.0,
147,500.0,4.7,1.0,cached,1987.9367081798032,5e-05,761,0.05185382951225138,znd_tp_profiles/znd_T0500.00_P04.70.npz,0.0,
148,500.0,4.8,1.0,cached,1988.3970100700299,5e-05,828,0.05187208181831297,znd_tp_profiles/znd_T0500.00_P04.80.npz,0.0,
149,500.0,4.9,1.0,cached,1988.8467566851996,5e-05,816,0.05188983413683403,znd_tp_profiles/znd_T0500.00_P04.90.npz,0.0,
150,500.0,5.0,1.0,cached,1989.286332944001,5e-05,839,0.0519071281269759,znd_tp_profiles/znd_T0500.00_P05.00.npz,0.0,
151,600.0,0.1,1.0,cached,1872.9665816304705,5e-05,540,0.030520747477319872,znd_tp_profiles/znd_T0600.00_P00.10.npz,0.0,
152,600.0,0.2,1.0,cached,1893.6513380420365,5e-05,594,0.038333586082717,znd_tp_profiles/znd_T0600.00_P00.20.npz,0.0,
153,600.0,0.3,1.0,cached,1905.5173267262662,5e-05,615,0.04285135596211479,znd_tp_profiles/znd_T0600.00_P00.30.npz,0.0,
154,600.0,0.4,1.0,cached,1913.8124253247474,5e-05,632,0.04547632998387853,znd_tp_profiles/znd_T0600.00_P00.40.npz,0.0,
155,600.0,0.5,1.0,cached,1920.1676660216983,5e-05,637,0.04704054488607057,znd_tp_profiles/znd_T0600.00_P00.50.npz,0.0,
156,600.0,0.6,1.0,cached,1925.3051343393417,5e-05,649,0.04802969333634383,znd_tp_profiles/znd_T0600.00_P00.60.npz,0.0,
157,600.0,0.7,1.0,cached,1929.6077865049192,5e-05,655,0.04870046733484799,znd_tp_profiles/znd_T0600.00_P00.70.npz,0.0,
158,600.0,0.8,1.0,cached,1933.3031414019845,5e-05,660,0.049184279947911,znd_tp_profiles/znd_T0600.00_P00.80.npz,0.0,
159,600.0,0.9,1.0,cached,1936.537206788762,5e-05,662,0.04955069570087909,znd_tp_profiles/znd_T0600.00_P00.90.npz,0.0,
160,600.0,1.0,1.0,cached,1939.4093357808947,5e-05,666,0.04983900136899065,znd_tp_profiles/znd_T0600.00_P01.00.npz,0.0,
161,600.0,1.1,1.0,cached,1941.990035195326,5e-05,671,0.05007274008606671,znd_tp_profiles/znd_T0600.00_P01.10.npz,0.0,
162,600.0,1.2,1.0,cached,1944.331207909237,5e-05,673,0.05026693076179499,znd_tp_profiles/znd_T0600.00_P01.20.npz,0.0,
163,600.0,1.3,1.0,cached,1946.4720977043025,5e-05,679,0.050431472809263383,znd_tp_profiles/znd_T0600.00_P01.30.npz,0.0,
164,600.0,1.4,1.0,cached,1948.4431561858262,5e-05,694,0.05057322531889365,znd_tp_profiles/znd_T0600.00_P01.40.npz,0.0,
165,600.0,1.5,1.0,cached,1950.265201094184,5e-05,700,0.05069768183415799,znd_tp_profiles/znd_T0600.00_P01.50.npz,0.0,
166,600.0,1.6,1.0,cached,1951.9636797801904,5e-05,711,0.05080718957915909,znd_tp_profiles/znd_T0600.00_P01.60.npz,0.0,
167,600.0,1.7,1.0,cached,1953.551394700987,5e-05,722,0.0509049895711836,znd_tp_profiles/znd_T0600.00_P01.70.npz,0.0,
168,600.0,1.8,1.0,cached,1955.0413574578342,5e-05,741,0.0509930995908815,znd_tp_profiles/znd_T0600.00_P01.80.npz,0.0,
169,600.0,1.9,1.0,cached,1956.4444359137658,5e-05,723,0.05107309697810642,znd_tp_profiles/znd_T0600.00_P01.90.npz,0.0,
170,600.0,2.0,1.0,cached,1957.7697993503543,5e-05,743,0.051146210414787376,znd_tp_profiles/znd_T0600.00_P02.00.npz,0.0,
171,600.0,2.1,1.0,cached,1959.0252491762758,5e-05,749,0.051213442678944336,znd_tp_profiles/znd_T0600.00_P02.10.npz,0.0,
172,600.0,2.2,1.0,cached,1960.2174855808096,5e-05,743,0.05127559230321075,znd_tp_profiles/znd_T0600.00_P02.20.npz,0.0,
173,600.0,2.3,1.0,cached,1961.3522993913725,5e-05,778,0.05133330196566075,znd_tp_profiles/znd_T0600.00_P02.30.npz,0.0,
174,600.0,2.4,1.0,cached,1962.4347248201418,5e-05,796,0.051387121414665546,znd_tp_profiles/znd_T0600.00_P02.40.npz,0.0,
175,600.0,2.5,1.0,cached,1963.4691687620739,5e-05,797,0.05143751647654284,znd_tp_profiles/znd_T0600.00_P02.50.npz,0.0,
176,600.0,2.6,1.0,cached,1964.4586718271937,5e-05,736,0.05148503789134927,znd_tp_profiles/znd_T0600.00_P02.60.npz,0.0,
177,600.0,2.7,1.0,cached,1965.4092227977794,5e-05,792,0.051529490510953214,znd_tp_profiles/znd_T0600.00_P02.70.npz,0.0,
178,600.0,2.8,1.0,cached,1966.3213111272612,5e-05,731,0.0515716680616718,znd_tp_profiles/znd_T0600.00_P02.80.npz,0.0,
179,600.0,2.9,1.0,cached,1967.1985213670241,5e-05,721,0.05161162999573811,znd_tp_profiles/znd_T0600.00_P02.90.npz,0.0,
180,600.0,3.0,1.0,cached,1968.043296914565,5e-05,829,0.05164959246129563,znd_tp_profiles/znd_T0600.00_P03.00.npz,0.0,
181,600.0,3.1,1.0,cached,1968.857838103324,5e-05,769,0.051685735075528115,znd_tp_profiles/znd_T0600.00_P03.10.npz,0.0,
182,600.0,3.2,1.0,cached,1969.644124062218,5e-05,835,0.05172021185657683,znd_tp_profiles/znd_T0600.00_P03.20.npz,0.0,
183,600.0,3.3,1.0,cached,1970.4039578734491,5e-05,811,0.0517531657818732,znd_tp_profiles/znd_T0600.00_P03.30.npz,0.0,
184,600.0,3.4,1.0,cached,1971.1389812485004,5e-05,875,0.05178472147901384,znd_tp_profiles/znd_T0600.00_P03.40.npz,0.0,
185,600.0,3.5,1.0,cached,1971.8506711828356,5e-05,763,0.05181498062617632,znd_tp_profiles/znd_T0600.00_P03.50.npz,0.0,
186,600.0,3.6,1.0,cached,1972.5403991371397,5e-05,781,0.05184402988142858,znd_tp_profiles/znd_T0600.00_P03.60.npz,0.0,
187,600.0,3.7,1.0,cached,1973.2094025405386,5e-05,732,0.05187197591665431,znd_tp_profiles/znd_T0600.00_P03.70.npz,0.0,
188,600.0,3.8,1.0,cached,1973.8588345168498,5e-05,750,0.0518988986199015,znd_tp_profiles/znd_T0600.00_P03.80.npz,0.0,
189,600.0,3.9,1.0,cached,1974.4897471232428,5e-05,790,0.05192484431327549,znd_tp_profiles/znd_T0600.00_P03.90.npz,0.0,
190,600.0,4.0,1.0,cached,1975.1031120917316,5e-05,840,0.051949908751761094,znd_tp_profiles/znd_T0600.00_P04.00.npz,0.0,
191,600.0,4.1,1.0,cached,1975.699804899709,5e-05,795,0.05197412494827246,znd_tp_profiles/znd_T0600.00_P04.10.npz,0.0,
192,600.0,4.2,1.0,cached,1976.2807303320456,5e-05,780,0.051997545637703556,znd_tp_profiles/znd_T0600.00_P04.20.npz,0.0,
193,600.0,4.3,1.0,cached,1976.8465859920736,5e-05,806,0.05202023586172816,znd_tp_profiles/znd_T0600.00_P04.30.npz,0.0,
194,600.0,4.4,1.0,cached,1977.3981197378428,5e-05,807,0.052042219433129394,znd_tp_profiles/znd_T0600.00_P04.40.npz,0.0,
195,600.0,4.5,1.0,cached,1977.9360186918848,5e-05,907,0.05206354377286561,znd_tp_profiles/znd_T0600.00_P04.50.npz,0.0,
196,600.0,4.6,1.0,cached,1978.4608409781888,5e-05,928,0.05208425834001496,znd_tp_profiles/znd_T0600.00_P04.60.npz,0.0,
197,600.0,4.7,1.0,cached,1978.9732345514458,5e-05,738,0.052104385288408196,znd_tp_profiles/znd_T0600.00_P04.70.npz,0.0,
198,600.0,4.8,1.0,cached,1979.4737397507731,5e-05,777,0.05212394602718658,znd_tp_profiles/znd_T0600.00_P04.80.npz,0.0,
199,600.0,4.9,1.0,cached,1979.9628183875072,5e-05,833,0.05214298578034979,znd_tp_profiles/znd_T0600.00_P04.90.npz,0.0,
200,600.0,5.0,1.0,cached,1980.4409911212526,5e-05,954,0.052161522151823486,znd_tp_profiles/znd_T0600.00_P05.00.npz,0.0,
201,700.0,0.1,1.0,cached,1857.4569045575138,5e-05,536,0.02989622681605737,znd_tp_profiles/znd_T0700.00_P00.10.npz,0.0,
202,700.0,0.2,1.0,cached,1879.1590933009566,5e-05,590,0.03732222897828046,znd_tp_profiles/znd_T0700.00_P00.20.npz,0.0,
203,700.0,0.3,1.0,cached,1891.6504361784541,5e-05,615,0.041972991370236655,znd_tp_profiles/znd_T0700.00_P00.30.npz,0.0,
204,700.0,0.4,1.0,cached,1900.4037103363603,5e-05,627,0.04485204305394245,znd_tp_profiles/znd_T0700.00_P00.40.npz,0.0,
205,700.0,0.5,1.0,cached,1907.1207126829643,5e-05,638,0.046639101928115004,znd_tp_profiles/znd_T0700.00_P00.50.npz,0.0,
206,700.0,0.6,1.0,cached,1912.5584709648708,5e-05,643,0.04778762623605256,znd_tp_profiles/znd_T0700.00_P00.60.npz,0.0,
207,700.0,0.7,1.0,cached,1917.118312438308,5e-05,647,0.04856696469164314,znd_tp_profiles/znd_T0700.00_P00.70.npz,0.0,
208,700.0,0.8,1.0,cached,1921.038844732547,5e-05,656,0.04912599611825695,znd_tp_profiles/znd_T0700.00_P00.80.npz,0.0,
209,700.0,0.9,1.0,cached,1924.4733340663008,5e-05,657,0.049546536085028785,znd_tp_profiles/znd_T0700.00_P00.90.npz,0.0,
210,700.0,1.0,1.0,cached,1927.526159126918,5e-05,662,0.04987521765971839,znd_tp_profiles/znd_T0700.00_P01.00.npz,0.0,
211,700.0,1.1,1.0,cached,1930.271445343539,5e-05,664,0.05014008599232313,znd_tp_profiles/znd_T0700.00_P01.10.npz,0.0,
212,700.0,1.2,1.0,cached,1932.7603119012406,5e-05,672,0.05035953166933011,znd_tp_profiles/znd_T0700.00_P01.20.npz,0.0,
213,700.0,1.3,1.0,cached,1935.0406685671555,5e-05,673,0.050544036047979225,znd_tp_profiles/znd_T0700.00_P01.30.npz,0.0,
214,700.0,1.4,1.0,cached,1937.1414481665722,5e-05,675,0.05070225217131998,znd_tp_profiles/znd_T0700.00_P01.40.npz,0.0,
215,700.0,1.5,1.0,cached,1939.087974959272,5e-05,683,0.05083989002558456,znd_tp_profiles/znd_T0700.00_P01.50.npz,0.0,
216,700.0,1.6,1.0,cached,1940.9006117124475,5e-05,692,0.0509610772730215,znd_tp_profiles/znd_T0700.00_P01.60.npz,0.0,
217,700.0,1.7,1.0,cached,1942.595961672172,5e-05,707,0.051068905670793245,znd_tp_profiles/znd_T0700.00_P01.70.npz,0.0,
218,700.0,1.8,1.0,cached,1944.1877542942823,5e-05,716,0.05116571676139968,znd_tp_profiles/znd_T0700.00_P01.80.npz,0.0,
219,700.0,1.9,1.0,cached,1945.687461610117,5e-05,737,0.05125335255894931,znd_tp_profiles/znd_T0700.00_P01.90.npz,0.0,
220,700.0,2.0,1.0,cached,1947.1047602787687,5e-05,759,0.05133323375944785,znd_tp_profiles/znd_T0700.00_P02.00.npz,0.0,
221,700.0,2.1,1.0,cached,1948.447895557913,5e-05,744,0.051406490221480694,znd_tp_profiles/znd_T0700.00_P02.10.npz,0.0,
222,700.0,2.2,1.0,cached,1949.7239502398309,5e-05,703,0.05147405240530699,znd_tp_profiles/znd_T0700.00_P02.20.npz,0.0,
223,700.0,2.3,1.0,cached,1950.9374612657296,5e-05,782,0.05153697628317704,znd_tp_profiles/znd_T0700.00_P02.30.npz,0.0,
224,700.0,2.4,1.0,cached,1952.0984944487077,5e-05,760,0.05159494766928333,znd_tp_profiles/znd_T0700.00_P02.40.npz,0.0,
225,700.0,2.5,1.0,cached,1953.2069794552356,5e-05,735,0.05164941292755923,znd_tp_profiles/znd_T0700.00_P02.50.npz,0.0,
226,700.0,2.6,1.0,cached,1954.2686559108577,5e-05,774,0.05170048596215568,znd_tp_profiles/znd_T0700.00_P02.60.npz,0.0,
227,700.0,2.7,1.0,cached,1955.2869368652484,5e-05,786,0.051748583386366086,znd_tp_profiles/znd_T0700.00_P02.70.npz,0.0,
228,700.0,2.8,1.0,cached,1956.265422654404,5e-05,795,0.05179393891619,znd_tp_profiles/znd_T0700.00_P02.80.npz,0.0,
229,700.0,2.9,1.0,cached,1957.206724203496,5e-05,748,0.05183688362274574,znd_tp_profiles/znd_T0700.00_P02.90.npz,0.0,
230,700.0,3.0,1.0,cached,1958.1135315592574,5e-05,821,0.05187761563784441,znd_tp_profiles/znd_T0700.00_P03.00.npz,0.0,
231,700.0,3.1,1.0,cached,1958.9881633315797,5e-05,753,0.05191635066528733,znd_tp_profiles/znd_T0700.00_P03.10.npz,0.0,
232,700.0,3.2,1.0,cached,1959.8326786104847,5e-05,763,0.0519532639899379,znd_tp_profiles/znd_T0700.00_P03.20.npz,0.0,
233,700.0,3.3,1.0,cached,1960.6490686260533,5e-05,745,0.051988522290007354,znd_tp_profiles/znd_T0700.00_P03.30.npz,0.0,
234,700.0,3.4,1.0,cached,1961.4389824230195,5e-05,791,0.0520222495557335,znd_tp_profiles/znd_T0700.00_P03.40.npz,0.0,
235,700.0,3.5,1.0,cached,1962.2040583101702,5e-05,964,0.052054550356894165,znd_tp_profiles/znd_T0700.00_P03.50.npz,0.0,
236,700.0,3.6,1.0,cached,1962.9457199158385,5e-05,790,0.05208557019760318,znd_tp_profiles/znd_T0700.00_P03.60.npz,0.0,
237,700.0,3.7,1.0,cached,1963.6652961217019,5e-05,788,0.05211537112121314,znd_tp_profiles/znd_T0700.00_P03.70.npz,0.0,
238,700.0,3.8,1.0,cached,1964.3640181863047,5e-05,818,0.052144034904790505,znd_tp_profiles/znd_T0700.00_P03.80.npz,0.0,
239,700.0,3.9,1.0,cached,1965.0429534697644,5e-05,769,0.05217167815109496,znd_tp_profiles/znd_T0700.00_P03.90.npz,0.0,
240,700.0,4.0,1.0,cached,1965.701533381238,5e-05,805,0.05219868333408295,znd_tp_profiles/znd_T0700.00_P04.00.npz,0.0,
241,700.0,4.1,1.0,cached,1966.345668634721,5e-05,727,0.05222410083676274,znd_tp_profiles/znd_T0700.00_P04.10.npz,0.0,
242,700.0,4.2,1.0,cached,1966.9712348746873,5e-05,780,0.05224901325920587,znd_tp_profiles/znd_T0700.00_P04.20.npz,0.0,
243,700.0,4.3,1.0,cached,1967.580766527918,5e-05,757,0.052273120940310086,znd_tp_profiles/znd_T0700.00_P04.30.npz,0.0,
244,700.0,4.4,1.0,cached,1968.17500103502,5e-05,843,0.052296477753507396,znd_tp_profiles/znd_T0700.00_P04.40.npz,0.0,
245,700.0,4.5,1.0,cached,1968.754523356698,5e-05,758,0.05231914328778323,znd_tp_profiles/znd_T0700.00_P04.50.npz,0.0,
246,700.0,4.6,1.0,cached,1969.320375093702,5e-05,843,0.05234111205395836,znd_tp_profiles/znd_T0700.00_P04.60.npz,0.0,
247,700.0,4.7,1.0,cached,1969.8711290071392,5e-05,834,0.052362802256597514,znd_tp_profiles/znd_T0700.00_P04.70.npz,0.0,
248,700.0,4.8,1.0,cached,1970.4125062070525,5e-05,801,0.05238322087113831,znd_tp_profiles/znd_T0700.00_P04.80.npz,0.0,
249,700.0,4.9,1.0,cached,1970.9400293360186,5e-05,922,0.05240341021908955,znd_tp_profiles/znd_T0700.00_P04.90.npz,0.0,
250,700.0,5.0,1.0,cached,1971.455885177517,5e-05,763,0.05242306185202279,znd_tp_profiles/znd_T0700.00_P05.00.npz,0.0,
251,800.0,0.1,1.0,cached,1841.8908686569066,5e-05,532,0.029580360890804805,znd_tp_profiles/znd_T0800.00_P00.10.npz,0.0,
252,800.0,0.2,1.0,cached,1864.6056841399447,5e-05,586,0.03653907518740659,znd_tp_profiles/znd_T0800.00_P00.20.npz,0.0,
253,800.0,0.3,1.0,cached,1877.7194892802731,5e-05,610,0.041218328308229114,znd_tp_profiles/znd_T0800.00_P00.30.npz,0.0,
254,800.0,0.4,1.0,cached,1886.9233280339417,5e-05,624,0.044279913878819514,znd_tp_profiles/znd_T0800.00_P00.40.npz,0.0,
255,800.0,0.5,1.0,cached,1893.9978046954268,5e-05,634,0.04625787942315189,znd_tp_profiles/znd_T0800.00_P00.50.npz,0.0,
256,800.0,0.6,1.0,cached,1899.7321026731158,5e-05,639,0.04755653436553552,znd_tp_profiles/znd_T0800.00_P00.60.npz,0.0,
257,800.0,0.7,1.0,cached,1904.5457664131059,5e-05,646,0.04844307001140519,znd_tp_profiles/znd_T0800.00_P00.70.npz,0.0,
258,800.0,0.8,1.0,cached,1908.6884260053382,5e-05,649,0.04907777366346415,znd_tp_profiles/znd_T0800.00_P00.80.npz,0.0,
259,800.0,0.9,1.0,cached,1912.3206093195738,5e-05,655,0.049552957518384455,znd_tp_profiles/znd_T0800.00_P00.90.npz,0.0,
260,800.0,1.0,1.0,cached,1915.5477859910789,5e-05,658,0.04992307391684558,znd_tp_profiles/znd_T0800.00_P01.00.npz,0.0,
261,800.0,1.1,1.0,cached,1918.4548187555881,5e-05,664,0.050219397652071125,znd_tp_profiles/znd_T0800.00_P01.10.npz,0.0,
262,800.0,1.2,1.0,cached,1921.0956883022764,5e-05,665,0.0504630406780679,znd_tp_profiles/znd_T0800.00_P01.20.npz,0.0,
263,800.0,1.3,1.0,cached,1923.5137605742798,5e-05,671,0.05066752358809529,znd_tp_profiles/znd_T0800.00_P01.30.npz,0.0,
264,800.0,1.4,1.0,cached,1925.7426641084946,5e-05,672,0.05084217341404874,znd_tp_profiles/znd_T0800.00_P01.40.npz,0.0,
265,800.0,1.5,1.0,cached,1927.8089985185966,5e-05,673,0.05099352791206266,znd_tp_profiles/znd_T0800.00_P01.50.npz,0.0,
266,800.0,1.6,1.0,cached,1929.7341581153419,5e-05,683,0.05112632712172193,znd_tp_profiles/znd_T0800.00_P01.60.npz,0.0,
267,800.0,1.7,1.0,cached,1931.535598642911,5e-05,699,0.05124412078092553,znd_tp_profiles/znd_T0800.00_P01.70.npz,0.0,
268,800.0,1.8,1.0,cached,1933.227768012483,5e-05,695,0.051349589996932385,znd_tp_profiles/znd_T0800.00_P01.80.npz,0.0,
269,800.0,1.9,1.0,cached,1934.8227169819345,5e-05,722,0.05144479004796424,znd_tp_profiles/znd_T0800.00_P01.90.npz,0.0,
270,800.0,2.0,1.0,cached,1936.3306400586503,5e-05,702,0.05153134523105187,znd_tp_profiles/znd_T0800.00_P02.00.npz,0.0,
271,800.0,2.1,1.0,cached,1937.7600936012411,5e-05,724,0.051610582464694396,znd_tp_profiles/znd_T0800.00_P02.10.npz,0.0,
272,800.0,2.2,1.0,cached,1939.1188988981341,5e-05,696,0.05168344524216347,znd_tp_profiles/znd_T0800.00_P02.20.npz,0.0,
273,800.0,2.3,1.0,cached,1940.4130420876766,5e-05,731,0.05175088360201506,znd_tp_profiles/znd_T0800.00_P02.30.npz,0.0,
274,800.0,2.4,1.0,cached,1941.6485460282724,5e-05,766,0.0518135031002914,znd_tp_profiles/znd_T0800.00_P02.40.npz,0.0,
275,800.0,2.5,1.0,cached,1942.8300420108133,5e-05,765,0.05187195738439804,znd_tp_profiles/znd_T0800.00_P02.50.npz,0.0,
276,800.0,2.6,1.0,cached,1943.9619517984813,5e-05,815,0.051926683131315855,znd_tp_profiles/znd_T0800.00_P02.60.npz,0.0,
277,800.0,2.7,1.0,cached,1945.048117579766,5e-05,728,0.051978116963726416,znd_tp_profiles/znd_T0800.00_P02.70.npz,0.0,
278,800.0,2.8,1.0,cached,1946.0919424000738,5e-05,787,0.052026591629740236,znd_tp_profiles/znd_T0800.00_P02.80.npz,0.0,
279,800.0,2.9,1.0,cached,1947.0964817520046,5e-05,770,0.0520724157690863,znd_tp_profiles/znd_T0800.00_P02.90.npz,0.0,
280,800.0,3.0,1.0,cached,1948.0644452287122,5e-05,746,0.05211584095434363,znd_tp_profiles/znd_T0800.00_P03.00.npz,0.0,
281,800.0,3.1,1.0,cached,1948.9983561901292,5e-05,736,0.05215708444651593,znd_tp_profiles/znd_T0800.00_P03.10.npz,0.0,
282,800.0,3.2,1.0,cached,1949.9003861281467,5e-05,740,0.05219634956063133,znd_tp_profiles/znd_T0800.00_P03.20.npz,0.0,
283,800.0,3.3,1.0,cached,1950.7725372986706,5e-05,762,0.052233813921930494,znd_tp_profiles/znd_T0800.00_P03.30.npz,0.0,
284,800.0,3.4,1.0,cached,1951.6166353310405,5e-05,736,0.05226962931449639,znd_tp_profiles/znd_T0800.00_P03.40.npz,0.0,
285,800.0,3.5,1.0,cached,1952.4344038041909,5e-05,749,0.05230391768002764,znd_tp_profiles/znd_T0800.00_P03.50.npz,0.0,
286,800.0,3.6,1.0,cached,1953.2246528784829,5e-05,751,0.052337336126714054,znd_tp_profiles/znd_T0800.00_P03.60.npz,0.0,
287,800.0,3.7,1.0,cached,1953.996828227673,5e-05,800,0.05236838318506292,znd_tp_profiles/znd_T0800.00_P03.70.npz,0.0,
288,800.0,3.8,1.0,cached,1954.7441760261147,5e-05,770,0.052398748659608384,znd_tp_profiles/znd_T0800.00_P03.80.npz,0.0,
289,800.0,3.9,1.0,cached,1955.47057785134,5e-05,876,0.05242799527802736,znd_tp_profiles/znd_T0800.00_P03.90.npz,0.0,
290,800.0,4.0,1.0,cached,1956.1770875752204,5e-05,853,0.05245620136231232,znd_tp_profiles/znd_T0800.00_P04.00.npz,0.0,
291,800.0,4.1,1.0,cached,1956.86471097499,5e-05,852,0.05248344331902902,znd_tp_profiles/znd_T0800.00_P04.10.npz,0.0,
292,800.0,4.2,1.0,cached,1957.5343403235217,5e-05,849,0.05250978022603791,znd_tp_profiles/znd_T0800.00_P04.20.npz,0.0,
293,800.0,4.3,1.0,cached,1958.1871180603869,5e-05,774,0.05253521911811456,znd_tp_profiles/znd_T0800.00_P04.30.npz,0.0,
294,800.0,4.4,1.0,cached,1958.8235122201133,5e-05,819,0.052559881548113564,znd_tp_profiles/znd_T0800.00_P04.40.npz,0.0,
295,800.0,4.5,1.0,cached,1959.4444265498144,5e-05,829,0.05258378400918572,znd_tp_profiles/znd_T0800.00_P04.50.npz,0.0,
296,800.0,4.6,1.0,cached,1960.0505488681677,5e-05,834,0.05260696694459038,znd_tp_profiles/znd_T0800.00_P04.60.npz,0.0,
297,800.0,4.7,1.0,cached,1960.6425274360915,5e-05,798,0.05262948153402948,znd_tp_profiles/znd_T0800.00_P04.70.npz,0.0,
298,800.0,4.8,1.0,cached,1961.220944368969,5e-05,818,0.05265137294441425,znd_tp_profiles/znd_T0800.00_P04.80.npz,0.0,
299,800.0,4.9,1.0,cached,1961.7865067293058,5e-05,791,0.05267263853352833,znd_tp_profiles/znd_T0800.00_P04.90.npz,0.0,
300,800.0,5.0,1.0,cached,1962.3395826155954,5e-05,805,0.05269334826849787,znd_tp_profiles/znd_T0800.00_P05.00.npz,0.0,
301,900.0,0.1,1.0,cached,1826.1853004037064,5e-05,533,0.029520898662703878,znd_tp_profiles/znd_T0900.00_P00.10.npz,0.0,
302,900.0,0.2,1.0,cached,1849.9197266777483,5e-05,590,0.035958597842858105,znd_tp_profiles/znd_T0900.00_P00.20.npz,0.0,
303,900.0,0.3,1.0,cached,1863.6569287408363,5e-05,609,0.04058778862014803,znd_tp_profiles/znd_T0900.00_P00.30.npz,0.0,
304,900.0,0.4,1.0,cached,1873.313192938754,5e-05,622,0.04377016247447842,znd_tp_profiles/znd_T0900.00_P00.40.npz,0.0,
305,900.0,0.5,1.0,cached,1880.7410594566352,5e-05,631,0.045905780502721684,znd_tp_profiles/znd_T0900.00_P00.50.npz,0.0,
306,900.0,0.6,1.0,cached,1886.7751729165855,5e-05,636,0.04734081559947537,znd_tp_profiles/znd_T0900.00_P00.60.npz,0.0,
307,900.0,0.7,1.0,cached,1891.8424136342667,5e-05,642,0.04833070810732098,znd_tp_profiles/znd_T0900.00_P00.70.npz,0.0,
308,900.0,0.8,1.0,cached,1896.2028989020994,5e-05,649,0.04904097637789635,znd_tp_profiles/znd_T0900.00_P00.80.npz,0.0,
309,900.0,0.9,1.0,cached,1900.0314465301824,5e-05,650,0.04957105466150937,znd_tp_profiles/znd_T0900.00_P00.90.npz,0.0,
310,900.0,1.0,1.0,cached,1903.4353993274442,5e-05,654,0.049982228152751856,znd_tp_profiles/znd_T0900.00_P01.00.npz,0.0,
311,900.0,1.1,1.0,cached,1906.5078956158573,5e-05,657,0.05030937490907794,znd_tp_profiles/znd_T0900.00_P01.10.npz,0.0,
312,900.0,1.2,1.0,cached,1909.2970899978295,5e-05,661,0.050577824761874106,znd_tp_profiles/znd_T0900.00_P01.20.npz,0.0,
313,900.0,1.3,1.0,cached,1911.852318127414,5e-05,664,0.050802314208209465,znd_tp_profiles/znd_T0900.00_P01.30.npz,0.0,
314,900.0,1.4,1.0,cached,1914.2088268531886,5e-05,666,0.05099336529865452,znd_tp_profiles/znd_T0900.00_P01.40.npz,0.0,
315,900.0,1.5,1.0,cached,1916.3944328344385,5e-05,668,0.051158411439902456,znd_tp_profiles/znd_T0900.00_P01.50.npz,0.0,
316,900.0,1.6,1.0,cached,1918.43166298133,5e-05,670,0.05130278815923851,znd_tp_profiles/znd_T0900.00_P01.60.npz,0.0,
317,900.0,1.7,1.0,cached,1920.3383429593525,5e-05,683,0.051430563635244994,znd_tp_profiles/znd_T0900.00_P01.70.npz,0.0,
318,900.0,1.8,1.0,cached,1922.1307182363846,5e-05,686,0.051544559498872745,znd_tp_profiles/znd_T0900.00_P01.80.npz,0.0,
319,900.0,1.9,1.0,cached,1923.8205173735664,5e-05,695,0.05164725801756418,znd_tp_profiles/znd_T0900.00_P01.90.npz,0.0,
320,900.0,2.0,1.0,cached,1925.4186408525763,5e-05,707,0.051740438869931515,znd_tp_profiles/znd_T0900.00_P02.00.npz,0.0,
321,900.0,2.1,1.0,cached,1926.9342631792124,5e-05,710,0.05182552773186831,znd_tp_profiles/znd_T0900.00_P02.10.npz,0.0,
322,900.0,2.2,1.0,cached,1928.3751634311018,5e-05,724,0.051903693440533985,znd_tp_profiles/znd_T0900.00_P02.20.npz,0.0,
323,900.0,2.3,1.0,cached,1929.7482364225505,5e-05,733,0.05197583611322162,znd_tp_profiles/znd_T0900.00_P02.30.npz,0.0,
324,900.0,2.4,1.0,cached,1931.0592271383732,5e-05,743,0.05204278384323375,znd_tp_profiles/znd_T0900.00_P02.40.npz,0.0,
325,900.0,2.5,1.0,cached,1932.3133857609816,5e-05,751,0.05210514849305191,znd_tp_profiles/znd_T0900.00_P02.50.npz,0.0,
326,900.0,2.6,1.0,cached,1933.5152857606736,5e-05,756,0.05216345871823297,znd_tp_profiles/znd_T0900.00_P02.60.npz,0.0,
327,900.0,2.7,1.0,cached,1934.6688867234711,5e-05,739,0.0522181950765244,znd_tp_profiles/znd_T0900.00_P02.70.npz,0.0,
328,900.0,2.8,1.0,cached,1935.7778326069244,5e-05,746,0.05226972191541654,znd_tp_profiles/znd_T0900.00_P02.80.npz,0.0,
329,900.0,2.9,1.0,cached,1936.8453176908176,5e-05,768,0.05231835970157291,znd_tp_profiles/znd_T0900.00_P02.90.npz,0.0,
330,900.0,3.0,1.0,cached,1937.874209396771,5e-05,792,0.05236441438901719,znd_tp_profiles/znd_T0900.00_P03.00.npz,0.0,
331,900.0,3.1,1.0,cached,1938.8631580091442,5e-05,707,0.05240891750049813,znd_tp_profiles/znd_T0900.00_P03.10.npz,0.0,
332,900.0,3.2,1.0,cached,1939.82633295852,5e-05,767,0.05244969436468794,znd_tp_profiles/znd_T0900.00_P03.20.npz,0.0,
333,900.0,3.3,1.0,cached,1940.7540238439512,5e-05,796,0.05248931700048781,znd_tp_profiles/znd_T0900.00_P03.30.npz,0.0,
334,900.0,3.4,1.0,cached,1941.6518819207797,5e-05,740,0.05252720254909119,znd_tp_profiles/znd_T0900.00_P03.40.npz,0.0,
335,900.0,3.5,1.0,cached,1942.5223277333853,5e-05,748,0.052563362143136734,znd_tp_profiles/znd_T0900.00_P03.50.npz,0.0,
336,900.0,3.6,1.0,cached,1943.3663060691242,5e-05,788,0.052598057904701775,znd_tp_profiles/znd_T0900.00_P03.60.npz,0.0,
337,900.0,3.7,1.0,cached,1944.185509284814,5e-05,764,0.05263135753585831,znd_tp_profiles/znd_T0900.00_P03.70.npz,0.0,
338,900.0,3.8,1.0,cached,1944.981299795319,5e-05,723,0.05266336794298556,znd_tp_profiles/znd_T0900.00_P03.80.npz,0.0,
339,900.0,3.9,1.0,cached,1945.7549179259606,5e-05,792,0.05269417732118548,znd_tp_profiles/znd_T0900.00_P03.90.npz,0.0,
340,900.0,4.0,1.0,cached,1946.5075421030397,5e-05,773,0.0527238683463956,znd_tp_profiles/znd_T0900.00_P04.00.npz,0.0,
341,900.0,4.1,1.0,cached,1947.240158145397,5e-05,794,0.052752521687968026,znd_tp_profiles/znd_T0900.00_P04.10.npz,0.0,
342,900.0,4.2,1.0,cached,1947.9538622187818,5e-05,736,0.05278021232277291,znd_tp_profiles/znd_T0900.00_P04.20.npz,0.0,
343,900.0,4.3,1.0,cached,1948.6494909856926,5e-05,815,0.05280698194988037,znd_tp_profiles/znd_T0900.00_P04.30.npz,0.0,
344,900.0,4.4,1.0,cached,1949.327896823825,5e-05,822,0.05283290085971341,znd_tp_profiles/znd_T0900.00_P04.40.npz,0.0,
345,900.0,4.5,1.0,cached,1949.9899466535398,5e-05,802,0.05285801104598119,znd_tp_profiles/znd_T0900.00_P04.50.npz,0.0,
346,900.0,4.6,1.0,cached,1950.6362888980757,5e-05,822,0.05288236660290328,znd_tp_profiles/znd_T0900.00_P04.60.npz,0.0,
347,900.0,4.7,1.0,cached,1951.2676803398883,5e-05,867,0.05290599695771138,znd_tp_profiles/znd_T0900.00_P04.70.npz,0.0,
348,900.0,4.8,1.0,cached,1951.884739015307,5e-05,792,0.05292993706517596,znd_tp_profiles/znd_T0900.00_P04.80.npz,0.0,
349,900.0,4.9,1.0,cached,1952.4880883305555,5e-05,777,0.05295216941951845,znd_tp_profiles/znd_T0900.00_P04.90.npz,0.0,
350,900.0,5.0,1.0,cached,1953.0782977645827,5e-05,748,0.05297379885307446,znd_tp_profiles/znd_T0900.00_P05.00.npz,0.0,
351,1000.0,0.1,1.0,cached,1810.2243928730834,5e-05,538,0.029679206562788246,znd_tp_profiles/znd_T1000.00_P00.10.npz,0.0,
352,1000.0,0.2,1.0,cached,1834.99086475875,5e-05,587,0.03556138088723061,znd_tp_profiles/znd_T1000.00_P00.20.npz,0.0,
353,1000.0,0.3,1.0,cached,1849.3580539267443,5e-05,609,0.04007755024604704,znd_tp_profiles/znd_T1000.00_P00.30.npz,0.0,
354,1000.0,0.4,1.0,cached,1859.4704612741984,5e-05,621,0.04332674661832854,znd_tp_profiles/znd_T1000.00_P00.40.npz,0.0,
355,1000.0,0.5,1.0,cached,1867.2620310661819,5e-05,630,0.045586019211358915,znd_tp_profiles/znd_T1000.00_P00.50.npz,0.0,
356,1000.0,0.6,1.0,cached,1873.5902779539167,5e-05,636,0.04714233305132509,znd_tp_profiles/znd_T1000.00_P00.60.npz,0.0,
357,1000.0,0.7,1.0,cached,1878.9077069458558,5e-05,641,0.04823025133474311,znd_tp_profiles/znd_T1000.00_P00.70.npz,0.0,
358,1000.0,0.8,1.0,cached,1883.493458707133,5e-05,643,0.0490133324558793,znd_tp_profiles/znd_T1000.00_P00.80.npz,0.0,
359,1000.0,0.9,1.0,cached,1887.5195781985929,5e-05,647,0.049597737565022615,znd_tp_profiles/znd_T1000.00_P00.90.npz,0.0,
360,1000.0,1.0,1.0,cached,1891.1054187776517,5e-05,653,0.05004828947239364,znd_tp_profiles/znd_T1000.00_P01.00.npz,0.0,
361,1000.0,1.1,1.0,cached,1894.33598019179,5e-05,656,0.05040744827627263,znd_tp_profiles/znd_T1000.00_P01.10.npz,0.0,
362,1000.0,1.2,1.0,cached,1897.2738549864976,5e-05,659,0.05070060286833654,znd_tp_profiles/znd_T1000.00_P01.20.npz,0.0,
363,1000.0,1.3,1.0,cached,1899.9664715013482,5e-05,663,0.05094499021950736,znd_tp_profiles/znd_T1000.00_P01.30.npz,0.0,
364,1000.0,1.4,1.0,cached,1902.4507654299534,5e-05,666,0.05115236018508062,znd_tp_profiles/znd_T1000.00_P01.40.npz,0.0,
365,1000.0,1.5,1.0,cached,1904.755857253594,5e-05,671,0.05133097563054034,znd_tp_profiles/znd_T1000.00_P01.50.npz,0.0,
366,1000.0,1.6,1.0,cached,1906.9052234629896,5e-05,669,0.05148685029478234,znd_tp_profiles/znd_T1000.00_P01.60.npz,0.0,
367,1000.0,1.7,1.0,cached,1908.9180270322558,5e-05,672,0.05162438424037329,znd_tp_profiles/znd_T1000.00_P01.70.npz,0.0,
368,1000.0,1.8,1.0,cached,1910.804940452958,5e-05,679,0.051747927840924565,znd_tp_profiles/znd_T1000.00_P01.80.npz,0.0,
369,1000.0,1.9,1.0,cached,1912.5947846183885,5e-05,696,0.051857064354760375,znd_tp_profiles/znd_T1000.00_P01.90.npz,0.0,
370,1000.0,2.0,1.0,cached,1914.2831993920565,5e-05,711,0.051956774334057904,znd_tp_profiles/znd_T1000.00_P02.00.npz,0.0,
371,1000.0,2.1,1.0,cached,1915.8847547351552,5e-05,702,0.05204769923549529,znd_tp_profiles/znd_T1000.00_P02.10.npz,0.0,
372,1000.0,2.2,1.0,cached,1917.408163327479,5e-05,730,0.05213101379793497,znd_tp_profiles/znd_T1000.00_P02.20.npz,0.0,
373,1000.0,2.3,1.0,cached,1918.8548401249961,5e-05,720,0.05220886792646363,znd_tp_profiles/znd_T1000.00_P02.30.npz,0.0,
374,1000.0,2.4,1.0,cached,1920.24667082801,5e-05,729,0.05227901546958785,znd_tp_profiles/znd_T1000.00_P02.40.npz,0.0,
375,1000.0,2.5,1.0,cached,1921.5735435374522,5e-05,734,0.05234522513857581,znd_tp_profiles/znd_T1000.00_P02.50.npz,0.0,
376,1000.0,2.6,1.0,cached,1922.8454146498725,5e-05,758,0.05240706508255964,znd_tp_profiles/znd_T1000.00_P02.60.npz,0.0,
377,1000.0,2.7,1.0,cached,1924.06653519563,5e-05,763,0.05246502632072572,znd_tp_profiles/znd_T1000.00_P02.70.npz,0.0,
378,1000.0,2.8,1.0,cached,1925.2406106288647,5e-05,725,0.05251953910961374,znd_tp_profiles/znd_T1000.00_P02.80.npz,0.0,
379,1000.0,2.9,1.0,cached,1926.3710625283568,5e-05,850,0.05257094635375827,znd_tp_profiles/znd_T1000.00_P02.90.npz,0.0,
380,1000.0,3.0,1.0,cached,1927.4609084969916,5e-05,759,0.052619570235646146,znd_tp_profiles/znd_T1000.00_P03.00.npz,0.0,
381,1000.0,3.1,1.0,cached,1928.512805143026,5e-05,766,0.05266568017740775,znd_tp_profiles/znd_T1000.00_P03.10.npz,0.0,
382,1000.0,3.2,1.0,cached,1929.524121182299,5e-05,763,0.05271053872451644,znd_tp_profiles/znd_T1000.00_P03.20.npz,0.0,
383,1000.0,3.3,1.0,cached,1930.5125336815074,5e-05,812,0.052751224254805155,znd_tp_profiles/znd_T1000.00_P03.30.npz,0.0,
384,1000.0,3.4,1.0,cached,1931.464584628835,5e-05,859,0.0527910369713545,znd_tp_profiles/znd_T1000.00_P03.40.npz,0.0,
385,1000.0,3.5,1.0,cached,1932.387307976697,5e-05,783,0.05282910832566076,znd_tp_profiles/znd_T1000.00_P03.50.npz,0.0,
386,1000.0,3.6,1.0,cached,1933.2823360564691,5e-05,781,0.05286556090031083,znd_tp_profiles/znd_T1000.00_P03.60.npz,0.0,
387,1000.0,3.7,1.0,cached,1934.1512531494338,5e-05,780,0.052900566938114055,znd_tp_profiles/znd_T1000.00_P03.70.npz,0.0,
388,1000.0,3.8,1.0,cached,1934.9955100704158,5e-05,795,0.05293417282669054,znd_tp_profiles/znd_T1000.00_P03.80.npz,0.0,
389,1000.0,3.9,1.0,cached,1935.816388545847,5e-05,792,0.05296649974308708,znd_tp_profiles/znd_T1000.00_P03.90.npz,0.0,
390,1000.0,4.0,1.0,cached,1936.6150317256229,5e-05,796,0.052997655361812654,znd_tp_profiles/znd_T1000.00_P04.00.npz,0.0,
391,1000.0,4.1,1.0,cached,1937.3927536242556,5e-05,773,0.05302768390941362,znd_tp_profiles/znd_T1000.00_P04.10.npz,0.0,
392,1000.0,4.2,1.0,cached,1938.150410146159,5e-05,791,0.053056688515106414,znd_tp_profiles/znd_T1000.00_P04.20.npz,0.0,
393,1000.0,4.3,1.0,cached,1938.883876312186,5e-05,762,0.05308577728286445,znd_tp_profiles/znd_T1000.00_P04.30.npz,0.0,
394,1000.0,4.4,1.0,cached,1939.6094963880973,5e-05,770,0.053111850117858066,znd_tp_profiles/znd_T1000.00_P04.40.npz,0.0,
395,1000.0,4.5,1.0,cached,1940.3126496246264,5e-05,766,0.05313813003576382,znd_tp_profiles/znd_T1000.00_P04.50.npz,0.0,
396,1000.0,4.6,1.0,cached,1940.9992714818711,5e-05,879,0.053163607951013214,znd_tp_profiles/znd_T1000.00_P04.60.npz,0.0,
397,1000.0,4.7,1.0,cached,1941.67008417691,5e-05,743,0.05318833149433118,znd_tp_profiles/znd_T1000.00_P04.70.npz,0.0,
398,1000.0,4.8,1.0,cached,1942.3257385531585,5e-05,815,0.05321234804774715,znd_tp_profiles/znd_T1000.00_P04.80.npz,0.0,
399,1000.0,4.9,1.0,cached,1942.9670021255072,5e-05,812,0.053235665203970634,znd_tp_profiles/znd_T1000.00_P04.90.npz,0.0,
400,1000.0,5.0,1.0,cached,1943.5943329480308,5e-05,798,0.053258377940499105,znd_tp_profiles/znd_T1000.00_P05.00.npz,0.0,
